"RelativePath","SHA256"
"data\dvsgesture\DVSGesture\ibmGestureTest.tar.gz","E3B0C44298FC1C149AFBF4C8996FB92427AE41E4649B934CA495991B7852B855"
"docs\GVF_Global_Workspace_Whitepaper.md","2DD5A2CA2023BEC5E5ADCA058B6CAA87619D2B7779C211C22CFFFADB5645C73A"
"docs\GVF_Whitepaper_v1.md","03177C3C5A97EB6A9C7A45421A076263C541E96E72E436CF19599D96CE04F818"
"docs\traffic_clones.json","0E3C23F4A87B05DD288DB39F99F9650BFD1658E80D81125A20758DFED70F8FC4"
"docs\traffic_views.json","92CE75ECDA4FE411F256EC0BB07E8E05C29D83B5CDA50ECF74AEB95E0B4922B9"
"src\__pycache__\gvf_core.cpython-312.pyc","814BA82347CB02F244A4D33E66E399F7295AEE7C6CDD2EC50D9468B5A45DBC33"
"src\__pycache__\test_dvs_gesture.cpython-312.pyc","FF9A4FE8B2AB1D4AB363A47371F2F333D826B66B1C74711E8994D1AF72881019"
"src\gvf_core.py","9781C59B5DCD703A9B6BD482C75EE474E6B87791D6C7E49ACC3A23ADB47A74E4"
"src\hardware_profiler.py","9DA7DA840B3AE989C46C31427FBEAFB34DBA74BFB80E1C408A22CC9F161B7BF1"
"src\snn_pipeline.py","08C8E82C939B76BE43A1A70AF3F9D6966105FDDE24EFCF8DEA02C00C9A6D3737"
"src\test_cyber_breaker.py","B098A0D6054DC81A3AF30E6D2ABF13735FB7F079807A0779443E833467A00572"
"src\test_dvs_gesture.py","FBF93F9652017F0FDB9DDAD1F73720EE0B6E381FDE0A4FEF1B820CDD28181E3B"
"src\train_benchmark.py","AA1B6A2218181D794EB9A59BF8396795A1C4D29DC7F95D4DBC81536BF518EC10"
"LICENSE","3972DC9744F6499F0F9B2DBF76696F2AE7AD8AF9B23DDE66D6AF86C9DFB36986"
"README.md","67A55AAB831B30D8947745D059D80C895B1198AA584685EB93386FFB6E25FE2C"
"requirements.txt","E9A3279784CFBAA040E08D32A4DC08927DD44FA542C456F37AA94FB48DD04FA9"
